"ID","CNAME","MYEAR","PRICE","CM_ID"
"q765948940","M5",2009,95747,"B006"
"i155714605","Z4",2005,43709,"B006"
"f425955481","Savana 2500",2001,48250,"G018"
"y705994130","599 GTB Fiorano",2008,48627,"F015"
"e356026944","New Beetle",2012,65345,"V057"
"l023662856","Savana 2500",1996,81532,"G018"
"d480369368","Safari",2004,4961,"G018"
"n430876480","FX",2005,82947,"I023"
"n801617826","Spider",1992,25358,"A002"
"n799111736","Grand Marquis",2000,95184,"M037"
"f836042464","Yukon",2013,15202,"G018"
"f967100108","Compass",2007,14892,"J026"
"s436817915","CX-9",2009,65799,"M035"
"n298558509","Mazdaspeed 3",2008,87809,"M035"
"d560368596","Tacoma",2004,47278,"T056"
"s320098475","Grand Caravan",2011,32075,"D014"
"z236155075","Park Avenue",1993,36381,"B008"
"c041917494","Navigator",2010,6377,"L031"
"c771941850","Brat",1984,41706,"S054"
"a055384820","Continental GT",2012,92630,"B007"
"q643141904","Seville",1993,80434,"C009"
"p655570348","Corvette",2010,53923,"C010"
"l625004805","Grand Prix",1994,92920,"P043"
"f747872770","Savana",2007,23650,"G018"
"r621632578","Electra",1988,26480,"B008"
"r102063620","Malibu",2012,15458,"C010"
"w481124696","riolet",1996,31988,"A004"
"q041549541","Pathfinder",1994,34020,"N040"
"f405113731","H3",2009,67049,"H021"
"c779201195","G35",2004,15109,"I023"
"a013563028","5 Series",1994,95170,"B006"
"c149949156","Rabbit",2006,41316,"V057"
"i755017324","Legacy",1997,54631,"S054"
"w690772661","Maxima",2010,51343,"N040"
"h840228134","GX",2005,20106,"L030"
"q571494836","Firebird",1990,90966,"P043"
"y078993489","Bonneville",1988,96960,"P043"
"f182441796","Corvette",1956,88791,"C010"
"q573278945","3500",2011,82277,"R045"
"t490172698","Club Wagon",1997,26665,"F017"
"z712394940","Ram Van 2500",1998,98969,"D014"
"p329820686","Aero 8",2009,40894,"M039"
"h839647698","Suburban 2500",1996,89970,"G018"
"g152926139","Mark VIII",1994,3058,"L031"
"q604473026","300",2007,56164,"C011"
"d796127156","Eclipse",1991,55988,"M038"
"v197600969","NX",1992,74700,"N040"
"p866186767","90",1990,21482,"A004"
"f826178346","Envoy",2002,39024,"G018"
"t371937086","LeSabre",1985,74517,"B008"
"l549062224","XJ Series",1995,23205,"J025"
"f528661406","400E",1993,34071,"M036"
"o795588968","Eos",2007,3057,"V057"
"v154306870","RL",2001,89915,"A001"
"t320554606","F430",2007,6159,"F015"
"g399632079","Astro",1997,44013,"C010"
"q590187942","Insight",2002,23275,"H020"
"b725993669","Ipsum",2000,28983,"T056"
"g184093906","960",1992,36077,"V058"
"k913206538","XT",1991,86693,"S054"
"r054709416","X5 M",2013,80267,"B006"
"j885064733","X5 M",2010,2466,"B006"
"f256197475","S10 Blazer",1994,17890,"C010"
"q608715798","Sierra",2007,97112,"G018"
"c274462508","CT",2012,59505,"L030"
"z152316613","Trooper",1996,40034,"I024"
"f724719706","1500 Club Coupe",1999,75361,"G018"
"q908065955","Boxster",2001,29770,"P044"
"f577452213","DTS",2008,75994,"C009"
"l597752023","Prowler",2001,67674,"C011"
"a972408263","Elan",1994,69668,"L032"
"w564949544","Sportage",2000,45041,"K027"
"e921569797","XC70",2012,27562,"V058"
"c113845248","Mark VIII",1996,48303,"L031"
"h053652858","Celica",1995,56904,"T056"
"j578829844","Sportage",2012,42328,"K027"
"c007308463","F-Series",2010,15246,"F017"
"i659512955","Wrangler",2005,78862,"J026"
"m764423923","Montero",2002,66737,"M038"
"x420016273","Grand Caravan",1995,59170,"D014"
"k728244716","Wrangler",1995,41958,"J026"
"r607256001","S4",2007,95812,"A004"
"m309002793","Frontier",2003,71886,"N040"
"k399391602","ES",2006,90231,"L030"
"v400975638","Sedona",2004,24604,"K027"
"q616336188","LTD Crown Victoria",1984,89834,"F017"
"r007620803","Baja",2003,81271,"S054"
"f142327109","Eclipse",1996,44372,"M038"
"y655933809","Ram 2500",1995,25378,"D014"
"y985894847","Precis",1986,74540,"M038"
"p682976673","Canyon",2006,9329,"G018"
"u532533633","Legacy",1995,25642,"S054"
"d287841834","LeMans",1993,48313,"P043"
"u506996459","Sentra",1993,8001,"N040"
"x234592518","Acclaim",1995,38774,"P042"
"k023341679","TundraMax",2011,46554,"T056"
"e851049483","Diablo",1990,10262,"L028"
"t896241771","Cayenne",2013,10737,"P044"
"y421945740","2CV",1948,87040,"C012"
"q974289567","98",1996,29991,"O041"
"q333488986","Mustang",2001,56844,"F017"
"i435839218","S5",2008,85086,"A004"
"u968071075","Ram 3500",1995,60526,"D014"
"a086853493","Diamante",1994,61752,"M038"
"o784308773","3 Series",2009,61012,"B006"
"d278810140","Passat",1991,89957,"V057"
"m599425127","ES",1992,95221,"L030"
"w440020513","Silverado 3500",2008,75394,"C010"
"b076542999","3000GT",1999,20340,"M038"
"c444805809","TL",2010,33652,"A001"
"h976723591","Oasis",1999,2791,"I024"
"d915856747","Tribute",2001,59557,"M035"
"e086151161","Legend",1989,58760,"A001"
"l434227533","Camaro",1976,6347,"C010"
"b956242896","Loyale",1994,30876,"S054"
"w262907182","MDX",2008,63084,"A001"
"i504850708","V50",2006,4208,"V058"
"n172021666","S10",1997,91003,"C010"
"p440951742","XC90",2010,23602,"V058"
"d588522266","XL-7",2006,81098,"S055"
"a873116347","Brat",1984,62717,"S054"
"y147941927","Rally Wagon G2500",1995,82090,"G018"
"n133754148","G35",2003,22344,"I023"
"k586130396","Century",1992,72982,"B008"
"t426923297","Pathfinder",2011,90584,"N040"
"e584178541","F150",1993,6784,"F017"
"m215185530","Highlander",2006,70772,"T056"
"g272489013","C-Class",2011,75845,"M036"
"u270507643","XL7",2008,96016,"S055"
"m307856152","Gallardo",2005,50381,"L028"
"w811392243","Sunbird",1983,67426,"P043"
"a282793275","Frontier",2006,81405,"N040"
"l517640864","Sedona",2006,2053,"K027"
"h048912905","xA",2005,84560,"S050"
"n820261369","Avalanche 2500",2003,17127,"C010"
"x843828058","Spyder",1990,47285,"M033"
"m450552697","Terraza",2007,46853,"B008"
"q555609051","Quest",2000,61043,"N040"
"n141306754","Odyssey",2000,84078,"H020"
"t850295571","G37",2010,24807,"I023"
"c523840355","Aerio",2003,33026,"S055"
"q503752561","Matrix",2004,38019,"T056"
"p957392919","E350",2009,20561,"F017"
"u629940958","Ranger",1984,29637,"F017"
"w771438651","Silhouette",1999,18311,"O041"
"o595181185","XT",1986,63495,"S054"
"d599845976","G",1994,42197,"I023"
"k327752236","Club Wagon",1996,34726,"F017"
"d807541835","MR2",1986,41353,"T056"
"t756846035","MX-6",1989,95811,"M035"
"w055659563","Jetta",1992,75255,"V057"
"g189539119","Titan",2005,59339,"N040"
"z147786765","Pajero",1992,82003,"M038"
"a818248949","Escape",2010,60633,"F017"
"p372251949","Bonneville",1984,14526,"P043"
"j475889116","Corvette",2005,53067,"C010"
"n780276857","Odyssey",1999,55139,"H020"
"p816006650","Escalade",2009,21778,"C009"
"e879128455","Acadia",2010,23648,"G018"
"c623803825","Defender",1994,55568,"L029"
"i946382425","Trans Sport",1998,64548,"P043"
"e197496361","FX",2008,7469,"I023"
"a913621232","Caravan",2012,32509,"D014"
"v399559025","5000CS Quattro",1986,79475,"A004"
"b074279020","Montana",2000,54375,"P043"
"k514824777","Ram 1500",2008,66601,"D014"
"q756035745","Integra",1997,12891,"A001"
"q230358813","Discovery",2011,65622,"L029"
"r402862193","Escape",2007,9508,"F017"
"s669175016","SVX",1995,21288,"S054"
"g079094772","Outlander",2010,69770,"M038"
"e589800789","Legacy",1998,50499,"S054"
"p539341740","Tundra",2009,5025,"M038"
"r170387025","Maxima",1992,45156,"N040"
"z885391055","Legacy",1993,50879,"S054"
"g463210884","Prizm",1992,47572,"G019"
"e257381990","Swift",1989,15031,"S055"
"y909174483","Mustang",1979,67136,"F017"
"b834818957","E250",2012,46423,"F017"
"z537590345","Spyder",2003,57034,"M033"
"c160384786","Viper",1992,81515,"D014"
"n906307868","Taurus",2010,85655,"F017"
"e523196259","Challenger",2001,91366,"M038"
"p393102669","Amanti",2009,24639,"K027"
"x198896069","Econoline E150",1994,3510,"F017"
"i483094437","TrailBlazer",2003,63974,"C010"
"t897689129","Grand Prix",1981,50125,"P043"
"q003233399","Rainier",2005,8805,"B008"
"e083033537","RX",2010,12786,"L030"
"p756924056","Firebird",1993,5540,"P043"
"m033995097","LX",2009,45880,"L030"
"i694523289","Grand Vitara",2006,25615,"S055"
"m833986693","Matrix",2010,81184,"T056"
"p404933817","Equator",2009,6533,"S055"
"z541337321","Avalon",2008,25070,"T056"
"a759758544","Savana 2500",1996,16264,"G018"
"g949682824","Escort",1990,7881,"F017"
"x263895074","Ranger",1987,65806,"F017"
"r944272113","Bravada",1992,56170,"O041"
"f717572044","Festiva",1991,45645,"F017"
"z903616762","Jetta",1991,99253,"V057"
"b825480254","Camaro",2000,28885,"C010"
"u050540002","RAV4",2002,81511,"T056"
"b117848785","Montero",2003,80594,"M038"
"o481527948","Xtra",1992,6552,"T056"
"k800195524","Ram 3500",2001,54424,"D014"
"c984318964","LSS",1997,10273,"O041"
"h535544159","Astro",2005,77490,"C010"
"h323511737","Passport",1995,29943,"H020"
"y290555468","Town Car",2010,82709,"L031"
"t637417378","ES",2004,39908,"L030"
"e378186020","Rondo",2009,35774,"K027"
"e191171995","Sienna",2007,55425,"T056"
"c095813097","5000S",1988,91785,"A004"
"g472665794","Colt",1993,52869,"D014"
"c466917414","SJ",1992,25161,"S055"
"l141692554","Tacoma",2000,41359,"T056"
"k190077405","Century",1994,16185,"B008"
"g992903623","Outlander",2003,91705,"M038"
"i813203835","GTI",1988,13297,"V057"
"f491673183","Quest",2001,15576,"N040"
"g302470024","Quest",2012,54672,"N040"
"t378993129","XC90",2011,83831,"V058"
"r359603920","Cabriolet",2001,31040,"V057"
"m379362885","Revent√≥n",2008,77399,"L028"
"j327215247","Taurus",1993,53834,"F017"
"i414199211","6 Series",2009,73415,"B006"
"g662626624","Continental Flying Spur",2010,61241,"B007"
"m428392403","Stratus",1997,65828,"D014"
"a273422259","Fleetwood",1995,25734,"C009"
"e884720317","Legacy",2001,29941,"S054"
"h651056049","7 Series",1994,25741,"B006"
"c046192105","Touareg",2006,26636,"V057"
"l692353397","XK",2012,98700,"J025"
"m335302556","Hombre Space",1997,92144,"I024"
"c933605111","S4",2000,4904,"A004"
"u974470480","Accent",2006,88523,"H022"
"f765809137","RX Hybrid",2011,43827,"L030"
"v246312987","V8 Vantage",2011,46503,"A003"
"a087547668","A6",1996,82242,"A004"
"y908711869","Voyager",2002,79961,"C011"
"p060227933","Range Rover",1997,41714,"L029"
"d866555459","Grand Voyager",1995,49164,"P042"
"a963379821","Spirit",1995,75603,"D014"
"n889450272","Regal",1994,42606,"B008"
"o399521408","Millenia",1996,13771,"M035"
"x793884239","C-Class",2005,23945,"M036"
"a611529813","Quest",2004,65366,"N040"
"k382682967","Tacoma",2004,17791,"T056"
"k325324892","911",2011,52095,"P044"
"i573010689","S-Series",1995,66659,"S049"
"k620548230","LeBaron",1995,92192,"C011"
"w136891530","GX",2004,10717,"L030"
"o232985552","Cougar",2002,50969,"M037"
"n751486401","Colt Vista",1992,44380,"P042"
"b689697169","Mystique",1999,36163,"M037"
"j193229486","928",1989,93979,"P044"
"e454284730","CL-Class",2006,67084,"M036"
"p445543860","9-3",2001,53199,"S048"
"w596353295","Roadmaster",1991,47629,"B008"
"r507789007","Hemisfear",2007,41618,"F016"
"q768309114","Ram 1500",2005,96483,"D014"
"r584934276","Z8",2003,87571,"B006"
"z169947426","GTI",1997,26319,"V057"
"f799509597","525",2001,51863,"B006"
"l279829662","Colt",1993,26299,"P042"
"k368053486","Equinox",2012,37272,"C010"
"f784246945","Equinox",2008,9328,"C010"
"i191568699","Trans Sport",1991,42410,"P043"
"w970258264","Legacy",1995,39596,"S054"
"d251437127","Terraza",2007,97709,"B008"
"c879916419","Mazda5",2010,94012,"M035"
"c780756921","H2",2003,22601,"H021"
"u331418756","Tracer",1988,91983,"M037"
"y573431803","Tribute",2006,19006,"M035"
"v005245284","riolet",1995,89069,"A004"
"w499604172","Challenger",2009,22071,"D014"
"p627274748","B-Series Plus",1993,19294,"M035"
"o360654268","Rabbit",2009,25957,"V057"
"l780005764","Mustang",1966,92513,"F017"
"b854248682","S5",2008,73521,"A004"
"c076445404","Venture",2003,19401,"C010"
"p563451205","3500",1993,40128,"G018"
"q782049708","Thunderbird",1984,69497,"F017"
"f391063281","Tucson",2009,37128,"H022"
"y497652244","MKZ",2010,28543,"L031"
"x918911157","F150",2005,51073,"F017"
"f186860712","Prelude",1984,51502,"H020"
"e105871910","SLK-Class",1999,94486,"M036"
"c619902149","4000s",1986,2176,"A004"
"x449191149","F250",2002,58261,"F017"
"d437332565","Odyssey",2001,21668,"H020"
"l541791141","430",1990,3672,"M033"
"w675490610","G6",2008,81295,"P043"
"o422011787","Suburban 2500",1996,57998,"C010"
"w680492819","SM",1972,86883,"C012"
"h821931862","Forester",2009,45322,"S054"
"k428443552","i-290",2008,18220,"I024"
"v869902168","Wrangler",2007,5016,"J026"
"w040947173","Capri",1993,41605,"M037"
"t010878562","Citation",1980,50702,"C010"
"j424928701","Coupe Quattro",1990,64743,"A004"
"b550573314","4000CS Quattro",1986,77788,"A004"
"j676970000","Malibu",2003,43939,"C010"
"g938548041","E150",2009,16103,"F017"
"h453365811","Tracer",1995,28083,"M037"
"b260715048","Rainier",2007,62457,"B008"
"e355094972","Range Rover",1997,23250,"L029"
"h893015441","Truck",1992,96781,"M038"
"q841194319","B-Series Plus",2002,89927,"M035"
"z476082508","H1",2003,36487,"H021"
"n709410225","Fit",2009,2403,"H020"
"q505009001","Villager",2001,24594,"M037"
"b724848305","S80",2011,79320,"V058"
"n923546342","SJ",1992,17985,"S055"
"e712191084","MPV",2006,53620,"M035"
"v646582340","S-Type",2008,52696,"J025"
"q849747168","Ghost",2011,51008,"R047"
"q169469617","Bonneville",2003,1810,"P043"
"c502414547","Eclipse",1998,47649,"M038"
"r251467175","Ram Van 3500",1996,3010,"D014"
"o163164556","Century",1997,26083,"B008"
"t510913090","W201",1993,51741,"M036"
"s795949065","Monte Carlo",2003,7916,"C010"
"x835940567","Frontier",2012,59571,"N040"
"n447697956","X5",2000,33529,"B006"
"m308308627","Aero 8",2009,84753,"M039"
"v944093936","Avanti",1964,95201,"S053"
"m040735061","Ranger",2002,57552,"F017"
"p413561202","Malibu",2004,66482,"C010"
"r573436454","Phantom",2007,65210,"R047"
"p176662251","Range Rover",1987,27028,"L029"
"a391397529","Tacoma",2011,43516,"T056"
"p177907768","Safari",1994,41832,"G018"
"l097642272","Vigor",1993,17997,"A001"
"g012780900","57",2011,33272,"M034"
"x336387045","Prius",2006,8119,"T056"
"g133157038","XK Series",2005,81757,"J025"
"a745997436","Accent",2001,67081,"H022"
"l697156853","Pathfinder",1997,5003,"N040"
"l164281125","Eclipse",1990,45057,"M038"
"w096454251","Malibu",2008,91432,"C010"
"l915393825","Intrepid",1998,55896,"D014"
"x506560171","Bonneville",2005,12002,"P043"
"j367035268","Tercel",1992,96399,"T056"
"r918793722","Lancer",2006,25969,"M038"
"u648101851","3 Series",2012,85628,"B006"
"g690457268","Skylark",1997,90647,"B008"
"w785382094","GL-Class",2010,43947,"M036"
"x566052323","Mountaineer",2000,18059,"M037"
"z256728834","F-Series",2004,46719,"F017"
"n425404210","MDX",2005,23045,"A001"
"e829549539","Cobalt SS",2008,39324,"C010"
"e265015481","Corrado",1994,87758,"V057"
"h300338334","XL7",2009,48523,"S055"
"o327177699","Electra",1986,72155,"B008"
"b086714383","C70",2003,21433,"V058"
"d291830520","MX-5",2002,64961,"M035"
"u979405171","9-5",2007,83692,"S048"
"p140390536","E-Series",2003,58050,"F017"
"b422280086","Miata MX-5",2010,45805,"M035"
"m615644316","Sebring",2008,96703,"C011"
"b041537536","LSS",1997,52028,"O041"
"v240213049","SL-Class",1989,7917,"M036"
"t981672304","Veloster",2012,18526,"H022"
"p043566823","i-290",2008,78244,"I024"
"w695662045","Pathfinder",2003,56595,"N040"
"a085775068","Impala",2000,13484,"C010"
"v884751100","Challenger",2001,68420,"M038"
"u590470738","Town Car",2008,37972,"L031"
"v247763020","Astro",1995,20918,"C010"
"r796830976","V70",2005,35925,"V058"
"l930658399","G",2010,3344,"I023"
"p290497314","Eclipse",1999,87050,"M038"
"c360485734","A4",2010,19071,"A004"
"t527545849","Continental Mark VII",1988,6729,"L031"
"m907787879","Montero",1997,85908,"M038"
"i492167159","CLS-Class",2008,29985,"M036"
"i283417880","TundraMax",2008,8493,"T056"
"c589311199","Bronco",1990,95198,"F017"
"n395232469","Caliber",2009,54733,"D014"
"w650977113","Town Car",1995,77078,"L031"
"w192759168","L-Series",2002,64783,"S049"
"u143817434","626",1985,29125,"M035"
"u541632823","Caravan",1993,16068,"D014"
"l008731752","Colt",1993,91057,"D014"
"a530854675","Veracruz",2009,22279,"H022"
"s345479794","4Runner",1997,46867,"T056"
"w659469816","Galant",2012,31013,"M038"
"r792308693","A4",2001,83849,"A004"
"p060968235","Armada",2009,96498,"N040"
"a603246931","Catera",2001,93074,"C009"
"f592561891","4Runner",2000,3997,"T056"
"m777764975","Azera",2012,38150,"H022"
"p865682851","911",1993,35040,"P044"
"h097441900","Cobalt",2007,63376,"C010"
"m838445146","RDX",2007,29625,"A001"
"x843217012","SC",1994,36390,"L030"
"h364322230","Sportage",2005,93484,"K027"
"w274804528","Rabbit",2009,42648,"V057"
"m226583678","Lumina",1997,35663,"C010"
"e835102402","Skylark",1995,52056,"B008"
"j075630975","Accent",2007,52706,"H022"
"r905979523","TT",2006,34724,"A004"
"g764771587","Legend",1994,42161,"A001"
"g431399720","C70",2012,99392,"V058"
"h750067027","Corvette",1963,84013,"C010"
"m714835104","Familia",1988,37064,"M035"
"y605029502","Equator",2009,47437,"S055"
"v062960717","RX-8",2009,43340,"M035"
"f956576571","Mariner",2009,64413,"M037"
"f635062765","Miata MX-5",1992,93018,"M035"
"x525162938","C70",2012,67273,"V058"
"y854849557","GL-Class",2007,88750,"M036"
"p678449343","Rodeo Sport",2002,28275,"I024"
"g979090134","Sierra 3500",2003,45062,"G018"
"k660909039","C-Class",2001,70458,"M036"
"w456526542","7 Series",1998,90396,"B006"
"n959436310","Cabriolet",1991,25254,"V057"
"p720116814","Courier",1987,57232,"F017"
"r326422114","M",2000,24666,"B006"
"n840284375","Fiero",1987,89523,"P043"
"o871065783","SSR",2006,53005,"C010"
"p089570760","Focus",2001,29732,"F017"
"j808485118","Caliber",2008,19026,"D014"
"e291417925","Aspire",1994,1077,"F017"
"p050124507","Sephia",1999,18919,"K027"
"p793032784","Range Rover",2009,31660,"L029"
"t269854538","7 Series",1994,51049,"B006"
"i614225745","MX-6",1993,31006,"M035"
"s202387396","Astro",1995,54331,"C010"
"s021127621","XL-7",2005,13740,"S055"
"u369312565","Alcyone SVX",1995,6731,"S054"
"o333571022","960",1997,43530,"V058"
"e038924494","New Yorker",1992,75833,"C011"
"g071239732","Grand Prix",2001,8531,"P043"
"r400130899","S60",2008,47522,"V058"
"e752450118","Roadmaster",1994,39106,"B008"
"w031842845","Wrangler",2012,88046,"J026"
"o021657964","V70",1998,54982,"V058"
"b061741830","Beetle",1965,43526,"V057"
"i111543441","Reatta",1988,72503,"B008"
"q237997458","Ram 3500",2008,70413,"D014"
"e526146204","Land Cruiser",2001,93732,"T056"
"g811681564","Rogue",2012,8242,"N040"
"u848133056","G-Class",2008,10041,"M036"
"t723801668","RS 4",2007,69496,"A004"
"f012132125","Eurovan",1997,70457,"V057"
"t158725391","Regal",1988,62858,"B008"
"t467465852","Starion",1986,17979,"M038"
"q474435846","3 Series",2011,53965,"B006"
"g990481344","S60",2012,44289,"V058"
"r959659809","Quattroporte",2012,4690,"M033"
"o940067519","Vigor",1992,29212,"A001"
"c230233780","VUE",2007,43243,"S049"
"n403365755","DB9",2005,90404,"A003"
"u324400054","Leganza",2000,74201,"D013"
"r752010006","DB9",2009,72844,"A003"
"b245736256","Corvette",1963,18085,"C010"
"q414327520","Phantom",2006,54399,"R047"
"b086267339","Continental Mark VII",1991,68530,"L031"
"s484208382","Sable",1988,53419,"M037"
"g276114045","New Yorker",1995,37415,"C011"
"p980272248","Bonneville",2001,49061,"P043"
"p320026055","Galant",2009,69501,"M038"
"x453115499","Aveo",2004,78172,"C010"
"a203678407","G-Series G20",1993,12614,"C010"
"r440263049","Tercel",1992,62883,"T056"
"v079603799","Tribute",2010,59591,"M035"
"d644748914","Silhouette",1993,86058,"O041"
"s731896747","Justy",1990,76559,"S054"
"x660478765","2500",1993,14162,"C010"
"c883605480","Voyager",1999,75679,"P042"
"b868566841","VUE",2010,74091,"S049"
"q231649573","Tundra",2009,38072,"M038"
"e901724746","Bronco",1993,37242,"F017"
"k613200397","Accent",1995,61070,"H022"
"n800488209","Milan",2010,74786,"M037"
"n872091307","XT",1989,33949,"S054"
"j100873496","Mariner",2008,78887,"M037"
"l778844605","Metro",1994,52073,"G019"
"n635288385","Armada",2007,3043,"N040"
"w830452571","Galant",2008,69294,"M038"
"h149024310","Probe",1997,73523,"F017"
"p309520690","Sable",2002,48088,"M037"
"p293801721","G6",2009,12101,"P043"
"m552788335","Seville",1996,73508,"C009"
"b278394864","Grand Am",1991,93989,"P043"
"w447597772","S2000",2002,83915,"H020"
"g670268769","XC70",2006,91751,"V058"
"a750022917","riolet",1995,18264,"A004"
"s521075578","Element",2003,98441,"H020"
"c187155439","Dakota Club",1994,94039,"D014"
"x540355611","Coachbuilder",1993,69036,"B008"
"a460561359","6 Series",2005,68756,"B006"
"b447961600","Ridgeline",2011,41288,"H020"
"b331859810","RX Hybrid",2011,13012,"L030"
"q717924175","4Runner",2002,68929,"T056"
"s997427882","Bronco",1986,31175,"F017"
"r964076746","G-Series 3500",1998,70168,"C010"
"r547813059","Bronco",1985,90916,"F017"
"d660474406","Eclipse",1992,27688,"M038"
"f210791264","900",1994,61377,"S048"
"d951378224","9000",1994,51295,"S048"
"v430216535","Escape",2004,60382,"F017"
"g133092936","7 Series",1993,80481,"B006"
"b810224457","Scirocco",1988,65483,"V057"
"e080542311","Grand Marquis",1992,7849,"M037"
"t921584037","A6",2007,68498,"A004"
"k836258986","F350",2007,93688,"F017"
"z350343649","525",2005,5979,"B006"
"z690167719","F250",2005,9131,"F017"
"m558987983","Ram Van 2500",1997,98771,"D014"
"m976284220","F430",2006,31380,"F015"
"q658060053","Prius",2003,79506,"T056"
"y116204227","Legacy",2004,68169,"S054"
"g589340602","Sable",1993,17977,"M037"
"u030331307","Supra",1998,71021,"T056"
"g515121886","Crown Victoria",1997,10743,"F017"
"d072677098","Liberty",2002,58227,"J026"
"e774955532","Ram Van 3500",2003,40795,"D014"
"w081236155","Grand Caravan",2009,81682,"D014"
"h521539473","Grand Caravan",2002,24357,"D014"
"k208774644","Familia",1987,61274,"M035"
"b587275613","Ranger",1998,17066,"F017"
"y173295493","Escalade",2003,51285,"C009"
"w537850682","Suburban 2500",1996,17026,"G018"
"p359854532","Bonneville",1965,79559,"P043"
"y045556280","Leganza",1999,12206,"D013"
"h084718232","Prelude",1985,8388,"H020"
"v036393304","Fit",2012,56317,"H020"
"g866014773","Suburban 2500",2001,67794,"C010"
"a650408019","Sky",2007,97929,"S049"
"o979977060","MDX",2011,2419,"A001"
"s229176418","Freelander",2010,61054,"L029"
"y921387660","Frontier",2011,51386,"N040"
"g530567105","Classic",1963,97132,"R046"
"a541306673","GLI",2008,65093,"V057"
"s868079140","929",1994,97965,"M035"
"n295129476","Expedition EL",2011,96805,"F017"
"o680641422","Yukon",2008,18438,"G018"
"p561149663","Maxima",1998,88559,"N040"
"b652318387","LS",2001,54524,"L031"
"y634716261","Cavalier",2005,55662,"C010"
"b013395391","Villager",1995,15193,"M037"
"c843161517","IS",2002,75451,"L030"
"z731036355","XJ Series",2001,96160,"J025"
"a955204036","Pajero",1998,85333,"M038"
"e517918579","Express 1500",2002,75397,"C010"
"n025226753","FX",2003,3770,"I023"
"c865999084","Grand Caravan",1992,48630,"D014"
"j757140153","Cougar",1992,67056,"M037"
"f407283150","Ciera",1993,95515,"O041"
"d063481324","Golf",1997,17676,"V057"
"o696507670","Cabriolet",1998,77587,"V057"
"a650072387","Jimmy",2000,30256,"G018"
"z647765133","GS",1998,91103,"L030"
"w212851163","1500 Club Coupe",1995,8191,"G018"
"o592051598","Camaro",1979,25559,"C010"
"h161359915","Land Cruiser",2002,75720,"T056"
"i099957648","4Runner",2002,97287,"T056"
"t154414556","Bel Air",1967,26644,"C010"
"k386146783","Pilot",2012,34133,"H020"
"i224266702","Savana 1500",2011,46031,"G018"
"e842827818","F150",1992,46169,"F017"
"f264923425","Turbo Firefly",1988,20202,"P043"
"r121630077","QX",1997,46499,"I023"
"a921128858","Jimmy",1999,29779,"G018"
"f365462031","VUE",2002,74635,"S049"
"h665656521","Sienna",2005,8015,"T056"
"c000272297","Sierra Denali",2006,52817,"G018"
"s094435191","CR-V",2004,54363,"H020"
"y715838497","Tacoma",2003,84920,"T056"
"f181832254","Cayman",2012,95548,"P044"
"f681160357","SJ",1995,78625,"S055"
"s375943184","Touareg",2004,58633,"V057"
"n820338472","Swift",1993,60970,"S055"
"f473338203","Sprinter",2009,50861,"D014"
"u078405679","Express 1500",2000,17351,"C010"
"b179906615","Dakota Club",2007,73248,"D014"
"d165297159","Breeze",1997,90029,"P042"
"f996915608","Trans Sport",1996,74559,"P043"
"v167890624","Montero",2005,17684,"M038"
"c359134334","H1",1994,10227,"H021"
"r431377184","88",1995,82820,"O041"
"w513344957","Rendezvous",2003,70668,"B008"
"x543482019","DB9",2010,62075,"A003"
"s965235209","Defender 90",1997,32326,"L029"
"o559969590","CLK-Class",2003,64763,"M036"
"k707491393","PT Cruiser",2004,82623,"C011"
"a202804636","S-Type",2004,60808,"J025"
"h647035084","Yukon",1992,56320,"G018"
"n589416882","LeMans",1965,38042,"P043"
"f742567163","STS",2009,86246,"C009"
"w100105291","Avenger",1998,96318,"D014"
"p116551145","Laser",1984,2016,"F017"
"q518827646","3500",1996,40046,"G018"
"g477169691","F-Series",2006,1662,"F017"
"i683625751","2500 Club Coupe",1995,93131,"G018"
"i073127672","C-Class",2010,29671,"M036"
"x575930953","GL-Class",2008,49548,"M036"
"k244249127","Express 3500",1999,48724,"C010"
"d855398075","Sprinter",2006,21433,"D014"
"j090890430","8 Series",1994,94046,"B006"
"n112822946","Miata MX-5",2012,20436,"M035"
"m521265324","Reatta",1988,18313,"B008"
"u202554890","RDX",2011,71583,"A001"
"w399320435","Laser",1987,38537,"F017"
"h594570252","LeMans",1993,94710,"P043"
"f247372714","Allroad",2001,88196,"A004"
"s654707232","Wrangler",1993,81659,"J026"
"r986299075","929",1994,65095,"M035"
"z808077531","SVX",1992,86195,"S054"
"h284695403","Blackwood",2002,48425,"L031"
"i749988313","Yukon XL 2500",2011,11069,"G018"
"z993646811","CR-V",1997,5125,"H020"
"j742575848","V50",2010,43874,"V058"
"d210200375","Montero",1995,15097,"M038"
"b182147296","E-Class",1986,15232,"M036"
"j554622862","MDX",2007,39078,"A001"
"c098325091","Hombre Space",1998,70376,"I024"
"l523635677","XJ Series",1993,15932,"J025"
"t163315227","Sierra 2500",2009,78315,"G018"
"x156213959","F-Series Super Duty",2007,23627,"F017"
"u488295752","Viper",2005,2244,"D014"
"d661478169","Leaf",2011,38308,"N040"
"o473881481","QX",2003,19177,"I023"
"e460980098","7 Series",2007,6685,"B006"
"i455929585","Colorado",2010,38824,"C010"
"a190327873","Tercel",1995,83319,"T056"
"d583968890","Ram Van 2500",1997,98493,"D014"
"l135827681","Sentra",1994,20504,"N040"
"c435275149","Equator",2010,8945,"S055"
"y934822626","Tacoma",2005,8488,"T056"
"o953249671","CTS",2008,59715,"C009"
"o267343312","Envoy XL",2004,29641,"G018"
"a585839649","Maxima",1994,64105,"N040"
"g137764524","S-Class",1985,50248,"M036"
"k879665670","Prelude",1986,97695,"H020"
"z045885933","Sequoia",2004,60281,"T056"
"m841136003","Passat",2004,63475,"V057"
"m818930663","Q5",2012,25479,"A004"
"a001050698","Econoline E350",2002,70409,"F017"
"n133321441","Freelander",2011,39015,"L029"
"h655135999","S-Class",2000,40850,"M036"
"a128096267","S-Class",2008,17559,"M036"
"m592112116","5 Series",2002,22839,"B006"
"w937113146","Town Car",1988,50210,"L031"
"r051475704","Fit",2010,91346,"H020"
"q001612251","B-Series",2005,88294,"M035"
"w095922649","Metro",1997,81679,"G019"
"r963898125","Land Cruiser",1992,62383,"T056"
"y004953322","Venture",2000,33368,"C010"
"s105151860","Cougar",1991,89162,"M037"
"f647973218","Daewoo Lacetti",2005,92476,"S055"
"a016807608","Mirage",2002,46670,"M038"
"c966681069","Econoline E250",1996,52858,"F017"
"f225936733","Yukon XL",2006,93332,"G018"
"e216045122","Truck",1994,71958,"M038"
"b528019990","F-Series Super Duty",2007,15142,"F017"
"c884079568","Eldorado",2001,22035,"C009"
"e072323861","Routan",2011,77324,"V057"
"e313639115","Ranger",2005,53290,"F017"
"p233574590","RL",2012,34160,"A001"
"c513104329","Yukon XL 1500",2006,76465,"G018"
"w128370168","900",1995,75462,"S048"
"v867724546","Express",2009,86355,"C010"
"o401477677","Express 2500",2011,73776,"C010"
"g064755704","Suburban 2500",1993,90920,"C010"
"w187479235","Cougar",1996,23302,"M037"
"p251938189","Wrangler",2010,10450,"J026"
"b452281180","G35",2003,26794,"I023"
"v288031545","XT",1988,69725,"S054"
"k729713913","CL-Class",1998,16984,"M036"
"d058246591","Tacoma Xtra",1999,42438,"T056"
"x586299955","Aurora",2003,42759,"O041"
"k155522980","Forenza",2004,96718,"S055"
"t667015530","Civic",2003,3006,"H020"
"p498110756","Vandura 2500",1994,77910,"G018"
"r602531234","Contour",1995,84671,"F017"
"s508760792","Sierra 2500",2008,38593,"G018"
"o529169337","Tacoma",1996,96257,"T056"
"b013078904","I",2003,38326,"I023"
"y056571096","Sebring",2008,3556,"C011"
"r244463669","Silverado 2500",1999,84988,"C010"
"q989625464","MX-5",2003,24030,"M035"
"o946850362","V50",2006,36867,"V058"
"a996858303","Cayenne",2011,31272,"P044"
"w469703488","Supra",1996,83424,"T056"
"b305774962","Taurus",2000,84765,"F017"
"x578216739","Panamera",2011,60845,"P044"
"z383800680","Freelander",2010,71882,"L029"
"f930722016","G6",2007,86559,"P043"
"v341276686","Loyale",1994,63576,"S054"
"o063315813","Vitara",2000,80913,"S055"
"b274552561","Accent",2012,64833,"H022"
"r318061888","Rodeo",1994,89781,"I024"
"j605378914","Outlander",2008,14140,"M038"
"k751579205","QX",2001,2466,"I023"
"k236468841","Matrix",2004,48502,"T056"
"c753475243","Rally Wagon 3500",1992,22760,"G018"
"c478661839","F-Series Super Duty",2012,99828,"F017"
"f882879482","A3",2011,18039,"A004"
"c097445687","S-Class",1992,79787,"M036"
"s717219172","LFA",2012,34544,"L030"
"t068061728","Fusion",2009,72136,"F017"
"p512526741","Ram 3500",2000,32962,"D014"
"p160491801","300SE",1992,91926,"M036"
"o752818250","Grand Caravan",1992,79180,"D014"
"a018090702","Camaro",2002,73724,"C010"
"o278696170","Town Car",1996,7237,"L031"
"j755823036","C70",1998,35420,"V058"
"n556960465","Galant",2000,51772,"M038"
"h214395165","Ram 2500",2001,72189,"D014"
"i949593409","Sportage",1999,39068,"K027"
"u795298061","Montero Sport",1999,68134,"M038"
"e882322694","88",1997,47940,"O041"
"w323487942","Savana 3500",2005,58881,"G018"
"i403780072","Mazda6",2004,39362,"M035"
"k748242632","RAV4",1997,36668,"T056"
"b721051603","Villager",1996,94352,"M037"
"m323163783","Flex",2012,1791,"F017"
"j925781109","Cabriolet",1998,26790,"A004"
"h464983266","Esprit",2003,34484,"L032"
"m975516400","Taurus X",2008,84747,"F017"
"e233784125","GTO",1964,10318,"P043"
"c467777710","Jetta",1995,66868,"V057"
"r856647908","Quattroporte",1986,12892,"M033"
"r461036692","Tracker",1997,2341,"G019"
"m152544240","Colorado",2007,78821,"C010"
"e696624316","Vitara",1999,91606,"S055"
"r385156802","850",1997,73988,"V058"
"a561117543","Jetta",2005,20244,"V057"
"i946874061","TundraMax",2008,38131,"T056"
"t468370151","B2600",1987,86553,"M035"
"g215641104","Civic",1980,29119,"H020"
"h556691447","Mustang",1964,35538,"F017"
"p147011736","S-Class",2003,51140,"M036"
"u424995237","Grand Marquis",1989,28702,"M037"
"n535495651","Astro",1998,28545,"C010"
"q537258554","CL-Class",2003,68180,"M036"
"f813934821","Seville",1996,61708,"C009"
"k308718997","Gemini",1989,75564,"P043"
"u046686646","Montana SV6",2005,34475,"P043"
"k894534439","GL-Class",2009,48688,"M036"
"f966395460","MKZ",2008,54398,"L031"
"j130642177","Discovery Series II",1999,11585,"L029"
"c138427668","Swift",2000,21947,"S055"
"r643645905","Yukon XL 1500",2004,81060,"G018"
"z461357340","GX",2004,72438,"L030"
"x131979558","G37",2012,17707,"I023"
"u833216271","Titan",2008,64075,"N040"
"j564617613","Mazda6",2007,27969,"M035"
"y066260459","Ram 2500",2003,37862,"D014"
"d247472035","A8",2009,90064,"A004"
"g323061925","Corvette",1972,92767,"C010"
"g779909494","Grand Caravan",2010,33379,"D014"
"l254467993","Tacoma",2005,48104,"T056"
"g716684403","SJ",1985,65997,"S055"
"a965304395","Regal",1993,34944,"B008"
"c766713301","Ramcharger",1993,80453,"D014"
"s700461734","Silverado",1999,48421,"C010"
"y396983821","Azera",2008,49118,"H022"
"x531413762","RVR",1993,33891,"M038"
"h217671924","Sportvan G20",1995,80380,"C010"
"f449136765","Civic",1992,62564,"H020"
"b932914303","Grand Prix",1975,59747,"P043"
"d920616753","Montana",1999,63558,"P043"
"w563590151","TT",2005,35381,"A004"
"g524980835","Mystique",1998,58735,"M037"
"t794652785","Charger",1968,81706,"D014"
"i960302074","RSX",2003,37202,"A001"
"p924421263","S10",1999,47013,"C010"
"s967902668","GX",2006,6145,"L030"
"r143806315","Previa",1995,41890,"T056"
"t714544962","Crown Victoria",2004,79356,"F017"
"m770445858","H3T",2009,48970,"H021"
"x103246458","Sebring",2002,88876,"C011"
"p336396786","RAV4",2003,48223,"T056"
"k359496440","Chariot",1985,63154,"M038"
"e964762116","Silverado 3500HD",2006,18214,"C010"
"a523831497","SC",1997,90691,"L030"
"i877357376","Caliber",2011,31847,"D014"
"i357238080","A6",2008,21631,"A004"
"p948980825","Bravada",2004,53913,"O041"
"y262042240","H1",1999,96570,"H021"
"a445111665","Range Rover",2010,48524,"L029"
"z253656837","Impala",2002,40167,"C010"
"f614111513","Vandura G2500",1995,77753,"G018"
"i768905674","Grand Vitara",2005,78927,"S055"
"i930016471","W201",1991,76791,"M036"
"y162213281","Sunbird",1991,84292,"P043"
"p489527637","xB",2004,3711,"S050"
"r720773561","Tucson",2006,33724,"H022"
"p745559425","Ram Van B250",1993,28959,"D014"
"x681315578","G-Series G30",1992,43226,"C010"
"o471607495","Viper",2006,42872,"D014"
"x284040516","Sidekick",1995,51072,"S055"
"y762735236","Golf",2003,27324,"V057"
"u875557260","Escalade EXT",2007,66821,"C009"
"s794628216","Outlander Sport",2011,98349,"M038"
"o687190908","Impreza",2010,81783,"S054"
"h490995803","Quattroporte",2006,72341,"M033"
"m186710271","Elantra",1992,23810,"H022"
"p259937826","Sonata",2008,35019,"H022"
"w435448047","Avalon",2002,52658,"T056"
"l230792099","Swift",1988,38825,"S055"
"b102934138","SLK-Class",2002,18669,"M036"
"g114346197","Familia",1987,10597,"M035"
"e035346629","Galant",2008,17610,"M038"
"x918470206","Murano",2007,25780,"N040"
"q062903012","Grand Caravan",1996,75876,"D014"
"z453737001","Continental Mark VII",1989,87569,"L031"
"q011238084","SC",1996,24516,"L030"
"o774737045","Impreza",2007,68041,"S054"
"p615314891","Camaro",2012,97050,"C010"
"d194514077","Ram 3500 Club",1997,94476,"D014"
"r856179317","Maxima",2004,40408,"N040"
"t933788511","B2000",1985,27979,"M035"
"t328354165","Corolla",1994,23621,"T056"
"c384131512","Express 3500",1997,37930,"C010"
"e742151148","Magnum",2008,78693,"D014"
"u193656311","Monte Carlo",1995,76600,"C010"
"u472161723","Cayenne",2003,53635,"P044"
"p015164035","VUE",2009,94244,"S049"
"f193244122","Discovery",1996,18310,"L029"
"q485561522","MX-6",1996,70753,"M035"
"k833481727","200",1989,64356,"A004"
"m462265102","xD",2010,26936,"S050"
"s002393601","NSX",1997,93176,"A001"
"x881292722","Esteem",2002,61979,"S055"
"n012581827","Avanti",1962,26555,"S053"
"m209201209","Accent",2011,33247,"H022"
"p185790646","Club Wagon",1996,27420,"F017"
"t813563818","Esprit",2002,67211,"L032"
"z057406825","A4",2007,21343,"A004"
"p171082458","CL",2002,68229,"A001"
"a457805264","MX-5",2010,15895,"M035"
"b090906953","M",2001,86024,"B006"
"z742881200","Ciera",1996,5642,"O041"
"e523349801","323",1993,74237,"M035"
"r458510512","Equinox",2011,25758,"C010"
"f720624315","Concorde",1994,79403,"C011"
"s448463891","Corvette",1955,1746,"C010"
"q109458549","LS",2006,50097,"L030"
"d805220480","Accord",2008,47326,"H020"
"o501137473","Passat",2004,25622,"V057"
"m358886552","Diamante",2000,89848,"M038"
"g652351362","RX-8",2009,15794,"M035"
"t417344874","QX56",2009,29513,"I023"
"z380800941","F430",2007,93119,"F015"
"e317312951","Villager",2000,68777,"M037"
"l480004974","Mark VIII",1994,40590,"L031"
"k463993856","Impala",2008,66569,"C010"
"h623930275","Navigator",2002,93693,"L031"
"y005651898","Maxima",2004,1758,"N040"
"o877039295","9000",1990,23330,"S048"
"i813807775","Vibe",2007,77571,"P043"
"h899595038","LR3",2008,43184,"L029"
"p244476525","Cayenne",2008,73484,"P044"
"m658717107","S-Series",1996,24521,"S049"
"k198617132","Stealth",1995,81479,"D014"
"i801450447","C8 Spyder",2004,97432,"S052"
"w021429903","Corvette",1978,44788,"C010"
"f162579878","911",1986,24841,"P044"
"i072595417","Colt",1993,40986,"D014"
"w222197556","G",1993,60663,"I023"
"q685423306","LS",2011,94048,"L030"
"b000338915","ES",1998,76246,"L030"
"a000559101","Accord",1985,25890,"H020"
"q914126116","SRX",2011,69213,"C009"
"r686778905","Marauder",2003,62067,"M037"
"f159293568","760",2003,37884,"B006"
"v649715919","458 Italia",2010,83746,"F015"
"i845867884","Tracer",1997,20018,"M037"
"z897981508","2500",1998,89470,"C010"
"t787990132","CL-Class",2005,46380,"M036"
"y913649630","Aerio",2003,68025,"S055"
"s262375458","Skylark",1997,72335,"B008"
"a064590692","Galant",1994,56423,"M038"
"z408899478","Prelude",1999,58317,"H020"
"g028481327","Express",2006,4772,"C010"
"n631007731","Odyssey",2001,37176,"H020"
"u413915093","Tracer",1995,63478,"M037"
"k520417153","Pajero",2005,69290,"M038"
"v233760093","Sierra",2010,88937,"G018"
"i589894385","Rendezvous",2006,27699,"B008"
"c349685691","Yukon XL 2500",2000,19603,"G018"
"b880394755","Eclipse",1992,62081,"M038"
"t864169232","Flex",2013,46447,"F017"
"y377574283","Sienna",2010,15828,"T056"
"i201480733","9000",1999,5541,"S048"
"a245943860","J",1997,31311,"I023"
"b109978369","Swift",1990,14542,"S055"
"e906289036","Solara",2008,59102,"T056"
"u225718693","Cougar",2002,34519,"M037"
"e048482443","GS",2005,61053,"L030"
"g672789448","3 Series",1992,36728,"B006"
"s158550421","3500 Club Coupe",1993,26495,"G018"
"s648134287","Bravada",1999,37056,"O041"
"l917784474","Forester",2007,74352,"S054"
"y978736115","4Runner",2011,64898,"T056"
"g361867943","Tempo",1988,62927,"F017"
"z116142910","88",1994,79312,"O041"
"x589518264","Exige",2006,92898,"L032"
"v908972165","62",2004,15944,"M034"
"m393770893","3 Series",2000,89072,"B006"
"o543487310","Bronco II",1990,9940,"F017"
"b769421007","Millenia",1998,37614,"M035"
"j988224695","Altima",2012,59794,"N040"
"t000377388","Tacoma Xtra",1997,2539,"T056"
"v411389212","Savana 3500",2006,63625,"G018"
"s694911530","Corvette",1996,41925,"C010"
"h843714405","D350 Club",1992,93072,"D014"
"y943773423","QX",2002,58815,"I023"
"z945409020","IS",2003,37789,"L030"
"p159192845","Torino",1970,72781,"F017"
"m685618551","Phantom",2005,68054,"R047"
"x663653956","Tribute",2009,7363,"M035"
"w447308141","Expedition",2005,57504,"F017"
"j116446252","Range Rover",2005,88986,"L029"
"w084741847","F-Series",1996,31587,"F017"
"h811674882","Optima",2012,44694,"K027"
"f228135438","HHR",2006,54416,"C010"
"w905661900","Mini Cooper S",1963,25793,"A005"
"r224117772","Ranger",1994,58248,"F017"
"m235209967","Z4",2004,91259,"B006"
"j754738058","Corvette",1999,8412,"C010"
"q844132424","Explorer",2009,89376,"F017"
"v496107330","Aviator",2004,56456,"L031"
"d967958327","SL-Class",1994,33616,"M036"
"w211478643","GTI",2009,70693,"V057"
"v839860743","Blazer",1993,19344,"C010"
"c593077926","Express 2500",2011,12307,"C010"
"m502408658","Corolla",2008,87152,"T056"
"s180092925","Silverado 1500",2001,70460,"C010"
"z710081015","Vibe",2005,80473,"P043"
"b137405804","F-Series",1991,12466,"F017"
"m166376048","Gran Sport",2006,19063,"M033"
"n221905959","Pilot",2007,89076,"H020"
"o490437392","Crown Victoria",2009,28606,"F017"
"s535361986","Montana",2006,83129,"P043"
"y211817564","X3",2004,26519,"B006"
"p554871942","Th!nk",2000,74979,"F017"
"u859799671","Montana",2004,34358,"P043"
"w431095687","F-Series",1997,50007,"F017"
"t588179389","Camry",1999,83777,"T056"
"e953612711","Festiva",1988,60875,"F017"
"w876251197","Diamante",2002,45966,"M038"
"b197017234","SL-Class",2009,24923,"M036"
"m124542172","Reatta",1991,32193,"B008"
"x293485686","Mazda6",2004,67105,"M035"
"l507680645","Eclipse",2004,64963,"M038"
"i275416882","Freelander",2008,55739,"L029"
"q481637494","Sidekick",1990,32089,"S055"
"z026627376","Celica",1982,93947,"T056"
"m949249733","Estate",1989,81910,"B008"
"b500511397","Passport",1996,32277,"H020"
"o634284585","Ram 2500",1999,16363,"D014"
"m825553402","rio",2002,67293,"V057"
"h591420398","1500",1996,61579,"C010"
"m203002784","X6",2010,44912,"B006"
"r519123595","CL-Class",2008,84170,"M036"
"p300519469","Parisienne",1985,19715,"P043"
"j465092284","Express 3500",2012,6376,"C010"
"q252678473","i-370",2007,91294,"I024"
"m518017117","Ram Van 3500",2002,8982,"D014"
"g463661069","Firefly",1995,12020,"P043"
"i081122527","Accent",2012,1746,"H022"
"z005898421","Fox",1990,3830,"V057"
"p462425214","Grand Prix",1966,89602,"P043"
"s240913201","Lanos",2001,26288,"D013"
"f077591748","Topaz",1990,92201,"M037"
"q794513876","Pathfinder",2010,12299,"N040"
"g558872516","Armada",2007,30788,"N040"
"m199543677","Econoline E350",2001,60414,"F017"
"r565789698","Savana 2500",2000,49602,"G018"
"t642024805","Entourage",2007,13980,"H022"
"v055648524","Loyale",1990,38632,"S054"
"v560735265","C-Class",2003,23397,"M036"
"r112898430","Sky",2009,28322,"S049"
"u767405603","NSX",1992,61340,"A001"
"n237021871","Vandura 1500",1994,14229,"G018"
"i750782508","LS",2006,51161,"L030"
"g213231923","Suburban 1500",1994,71550,"C010"
"p150288206","M",1992,89315,"I023"
"v420169110","Ram 3500",2003,98812,"D014"
"k141189589","GT350",1969,7268,"S051"
"r719614465","E150",2010,2788,"F017"
"u783288972","F150",2007,51923,"F017"
"n774474649","Protege",1993,16044,"M035"
"h653421156","M Roadster",2006,10266,"B006"
"z367996113","Navigator",2010,30402,"L031"
"q027632715","350Z",2006,6071,"N040"
